[
null,
{"id":1,"animationId":-1,"damage":{"critical":true,"elementId":-1,"formula":"a.atk * 4 - b.def * 2","type":1,"variance":20},"description":"","effects":[{"code":21,"dataId":0,"value1":1,"value2":0}],"hitType":1,"iconIndex":76,"message1":" attacks!","message2":"","mpCost":0,"name":"Attack","note":"Skill #1 will be used when you select\nthe Attack command.","occasion":1,"repeats":1,"requiredWtypeId1":0,"requiredWtypeId2":0,"scope":1,"speed":0,"stypeId":0,"successRate":100,"tpCost":0,"tpGain":10},
{"id":2,"animationId":0,"damage":{"critical":false,"elementId":0,"formula":"0","type":0,"variance":20},"description":"","effects":[{"code":21,"dataId":2,"value1":1,"value2":0}],"hitType":0,"iconIndex":81,"message1":" guards.","message2":"","mpCost":0,"name":"Guard","note":"Skill #2 will be used when you select\nthe Guard command.","occasion":1,"repeats":1,"requiredWtypeId1":0,"requiredWtypeId2":0,"scope":11,"speed":2000,"stypeId":0,"successRate":100,"tpCost":0,"tpGain":10},
{"id":3,"animationId":4,"damage":{"critical":true,"elementId":-1,"formula":"0","type":0,"variance":20},"description":"","effects":[{"code":44,"dataId":1,"value1":1,"value2":0},{"code":21,"dataId":3,"value1":1,"value2":0}],"hitType":2,"iconIndex":79,"message1":" attacks!","message2":"","mpCost":0,"name":"Lancet","note":"","occasion":1,"repeats":1,"requiredWtypeId1":0,"requiredWtypeId2":0,"scope":1,"speed":0,"stypeId":2,"successRate":100,"tpCost":0,"tpGain":0},
{"id":4,"animationId":3,"damage":{"critical":false,"elementId":2,"formula":"100 + a.mat * 2 - b.mdf * 2","type":1,"variance":20},"description":"","effects":[],"hitType":2,"iconIndex":64,"message1":" casts %1!","message2":"","mpCost":5,"name":"Fire","note":"","occasion":1,"repeats":1,"requiredWtypeId1":0,"requiredWtypeId2":0,"scope":1,"speed":0,"stypeId":1,"successRate":100,"tpCost":0,"tpGain":10}
]